{
  "lang":"en",
  "name":"pipeline",
  "version":"0.0.0",
  "spacy_version":">=3.7.2,<3.8.0",
  "description":"",
  "author":"",
  "email":"",
  "url":"",
  "license":"",
  "spacy_git_version":"a89eae928",
  "vectors":{
    "width":0,
    "vectors":0,
    "keys":0,
    "name":null,
    "mode":"default"
  },
  "labels":{
    "tok2vec":[

    ],
    "ner":[
      "B-LOC",
      "B-MISC",
      "B-ORG",
      "B-PER",
      "I-LOC",
      "I-MISC",
      "I-ORG",
      "I-PER"
    ]
  },
  "pipeline":[
    "tok2vec",
    "ner"
  ],
  "components":[
    "tok2vec",
    "ner"
  ],
  "disabled":[

  ],
  "performance":{
    "ents_f":0.9991333343,
    "ents_p":0.9992654404,
    "ents_r":0.9990012631,
    "ents_per_type":{
      "B-ORG":{
        "p":0.9993666878,
        "r":0.9985761747,
        "f":0.9989712748
      },
      "B-MISC":{
        "p":0.9988348383,
        "r":0.997382199,
        "f":0.9981079901
      },
      "B-PER":{
        "p":0.9998484619,
        "r":0.9996969697,
        "f":0.9997727101
      },
      "I-PER":{
        "p":1.0,
        "r":0.9997791519,
        "f":0.9998895638
      },
      "B-LOC":{
        "p":0.9991595462,
        "r":0.9990196078,
        "f":0.9990895721
      },
      "I-ORG":{
        "p":0.9994598974,
        "r":0.9991900648,
        "f":0.9993249629
      },
      "I-MISC":{
        "p":0.9939655172,
        "r":0.9982683983,
        "f":0.996112311
      },
      "I-LOC":{
        "p":0.9991356958,
        "r":0.9991356958,
        "f":0.9991356958
      }
    },
    "tok2vec_loss":995.3689667362,
    "ner_loss":396.1743459145
  }
}